{
  "id": "607351a70f825532d97d40a6",
  "title": "Stabilize the Macro Economic Environment",
  "leadIndicators": [
    {
      "id": "607354de03fc15344ec148cd",
      "title": "Non-Oil GDP (Absolute in US$)",
      "ref": 0,
      "driver": "Diversify the Economy",
      "type": "quan",
      "baseline": "0",
      "actual": "0",
      "target": "[{\"year\":2020,\"target\":0},{\"year\":2021,\"target\":0},{\"year\":2022,\"target\":0},{\"year\":2023,\"target\":0}]",
      "aggregation": "+",
      .result_type": "number",
      "unit": "$",
      "unit_type": "prefix",
      "currency": "₦",
      "active": 0,
      "mdaId": "5f9fcfe6d8a62200fb6356d3",
      "mda": {
        "shortcode": "FMFBNP",
        "__typename": "Mdaas"
      },
      "data_source": "NBS",
      "outcomes": [
        {
          "id": "6073579103fc15344ec148ce",
          "title": "Additional Revenue generated via implementation of SRI (US$)",
          "ref": 0,
          "baseline": "10000",
          "actual": "20000",
          "target": "100000",
          "aggregation": "+",
          .result_type": "number",
          "currency": "₦",
          "active": 0,
          "type": "quan",
          "unit": "$",
          "unit_type": "prefix",
          "outputs": [{
            "id": "6073630f03fc15344ec148d2",
            "title": "% Implementation of SRI initiatives ",
            "ref": 0,
            "baseline": "0",
            "actual": "0",
            "target": "[{\"year\":2020,\"target\":0},{\"year\":2021,\"target\":0},{\"year\":2022,\"target\":0},{\"year\":2023,\"target\":0}]",
            "aggregation": "+",
            .result_type": "number",
            "currency": "₦",
            "active": 0,
            "type": "quan",
            "mandates": [{
              "id": "60735cab03fc15344ec148cf",
              "initiatives": "36",
              "title": "Increase Public Revenue by implementing the Public Finance Transformation (Strategic Revenue Initiatives) Program",
              "__typename": "Man"
            }],
            "unit": "$",
            "unit_type": "prefix",
            "mdaId": "5f9fcfe6d8a62200fb6356e0",
            "data_source": "NBS",
            "__typename": "Output"
          }],
          "mdaId": "5f9fcfe6d8a62200fb6356e0",
          "mda": {
            "shortcode": "FMFBNP",
            "__typename": "Mdaas"
          },
          "data_source": "NBS",
          "__typename": "Output"
        },
        {
          "id": "6073579103fc15344ec148ce",
          "title": "Additional Revenue generated from Agriculture, Solid Minerals, Manufacturing & Services exports (US$)",
          "ref": 0,
          "baseline": "0",
          "actual": "0",
          "target": "10",
          "aggregation": "+",
          .result_type": "number",
          "currency": "₦",
          "active": 0,
          "type": "quan",
          "unit": "$",
          "unit_type": "prefix",
          "outputs": [{
            "id": "6073630f03fc15344ec148d2",
            "title": "Number of companies benefitting from fiscal incentives aimed at boosting productivity",
            "ref": 0,
            "baseline": "0",
            "actual": "0",
            "target": "[{\"year\":2020,\"target\":0},{\"year\":2021,\"target\":0},{\"year\":2022,\"target\":0},{\"year\":2023,\"target\":0}]",
            "aggregation": "+",
            .result_type": "number",
            "currency": "₦",
            "active": 0,
            "type": "quan",
            "mandates": [{
              "id": "60735cab03fc15344ec148cf",
              "initiatives": "4",
              "title": "Optimise fiscal incentives to boost productivity in critical sectors including Agriculture, Solid Minerals and Manufacturing",
              "__typename": "Man"
            }],
            "unit": "$",
            "unit_type": "prefix",
            "mdaId": "5f9fcfe6d8a62200fb6356e0",
            "data_source": "NBS",
            "__typename": "Output"
          }],
          "mdaId": "5f9fcfe6d8a62200fb6356e0",
          "mda": {
            "shortcode": "FMFBNP",
            "__typename": "Mdaas"
          },
          "data_source": "NBS",
          "__typename": "Output"
        },
        {
          "id": "6073579103fc15344ec148ce",
          "title": "Addtiional revenue from Capital Markets via taxes (US$)",
          "ref": 0,
          "baseline": "0",
          "actual": "0",
          "target": "10",
          "aggregation": "+",
          .result_type": "number",
          "currency": "₦",
          "active": 0,
          "type": "quan",
          "unit": "$",
          "unit_type": "prefix",
          "outputs": [{
            "id": "6073630f03fc15344ec148d2",
            "title": "% increase in absolute size of the Capital Market",
            "ref": 0,
            "baseline": "0",
            "actual": "0",
            "target": "[{\"year\":2020,\"target\":0},{\"year\":2021,\"target\":0},{\"year\":2022,\"target\":0},{\"year\":2023,\"target\":0}]",
            "aggregation": "+",
            .result_type": "number",
            "currency": "₦",
            "active": 0,
            "type": "quan",
            "mandates": [{
              "id": "60735cab03fc15344ec148cf",
              "title": "Implement Capital Markets Master Plan",
              "__typename": "Man"
            }],
            "unit": "$",
            "unit_type": "prefix",
            "mdaId": "5f9fcfe6d8a62200fb6356e0",
            "data_source": "NBS",
            "__typename": "Output"
          }],
          "mdaId": "5f9fcfe6d8a62200fb6356e0",
          "mda": {
            "shortcode": "FMFBNP",
            "__typename": "Mdaas"
          },
          "data_source": "NBS",
          "__typename": "Output"
        },
        {
          "id": "6073579103fc15344ec148ce",
          "title": "Additional Revenue via taxes from the insurance industry (US$)",
          "ref": 0,
          "baseline": "0",
          "actual": "0",
          "target": "10",
          "aggregation": "+",
          .result_type": "number",
          "currency": "₦",
          "active": 0,
          "type": "quan",
          "unit": "$",
          "unit_type": "prefix",
          "outputs": [{
            "id": "6073630f03fc15344ec148d2",
            "title": "% increase in absolute size of the insurance industry",
            "ref": 0,
            "baseline": "0",
            "actual": "0",
            "target": "[{\"year\":2020,\"target\":0},{\"year\":2021,\"target\":0},{\"year\":2022,\"target\":0},{\"year\":2023,\"target\":0}]",
            "aggregation": "+",
            .result_type": "number",
            "currency": "₦",
            "active": 0,
            "type": "quan",
            "mandates": [{
              "id": "60735cab03fc15344ec148cf",
              "title": "Optimise and Deepen the Effectiveness & Efficiency of Insurance Industry",
              "__typename": "Man"
            }],
            "unit": "$",
            "unit_type": "prefix",
            "mdaId": "5f9fcfe6d8a62200fb6356e0",
            "data_source": "NBS",
            "__typename": "Output"
          }],
          "mdaId": "5f9fcfe6d8a62200fb6356e0",
          "mda": {
            "shortcode": "FMFBNP",
            "__typename": "Mdaas"
          },
          "data_source": "NBS",
          "__typename": "Output"
        },
        {
          "id": "6073579103fc15344ec148ce",
          "title": "Additional Revenue generated from expansion in Tax base (US$)",
          "ref": 0,
          "baseline": "0",
          "actual": "0",
          "target": "10",
          "aggregation": "+",
          .result_type": "number",
          "currency": "₦",
          "active": 0,
          "type": "quan",
          "unit": "$",
          "unit_type": "prefix",
          "outputs": [{
            "id": "6073630f03fc15344ec148d2",
            "title": "Additional number of individuals and firms captured by expansion in Tax base",
            "ref": 0,
            "baseline": "0",
            "actual": "0",
            "target": "[{\"year\":2020,\"target\":0},{\"year\":2021,\"target\":0},{\"year\":2022,\"target\":0},{\"year\":2023,\"target\":0}]",
            "aggregation": "+",
            .result_type": "number",
            "currency": "₦",
            "active": 0,
            "type": "quan",
            "mandates": [{
              "id": "60735cab03fc15344ec148cf",
              "title": "Expand the Tax Base",
              "__typename": "Man"
            }],
            "unit": "$",
            "unit_type": "prefix",
            "mdaId": "5f9fcfe6d8a62200fb6356e0",
            "data_source": "NBS",
            "__typename": "Output"
          }],
          "mdaId": "5f9fcfe6d8a62200fb6356e0",
          "mda": {
            "shortcode": "FMFBNP",
            "__typename": "Mdaas"
          },
          "data_source": "NBS",
          "__typename": "Output"
        },
        {
          "id": "6073579103fc15344ec148ce",
          "title": "Additional Revenue generated from improvement in revenue collection effiuciency (US$)",
          "ref": 0,
          "baseline": "0",
          "actual": "0",
          "target": "10",
          "aggregation": "+",
          .result_type": "number",
          "currency": "₦",
          "active": 0,
          "type": "quan",
          "unit": "$",
          "unit_type": "prefix",
          "outputs": [{
            "id": "6073630f03fc15344ec148d2",
            "title": "% Improvement in Revenue Collection Efficiency",
            "ref": 0,
            "baseline": "0",
            "actual": "0",
            "target": "[{\"year\":2020,\"target\":0},{\"year\":2021,\"target\":0},{\"year\":2022,\"target\":0},{\"year\":2023,\"target\":0}]",
            "aggregation": "+",
            .result_type": "number",
            "currency": "₦",
            "active": 0,
            "type": "quan",
            "mandates": [{
              "id": "60735cab03fc15344ec148cf",
              "title": "Raise Revenue Collection Efficiency Levels (Cost of Collection)",
              "__typename": "Man"
            }],
            "unit": "$",
            "unit_type": "prefix",
            "mdaId": "5f9fcfe6d8a62200fb6356e0",
            "data_source": "NBS",
            "__typename": "Output"
          }],
          "mdaId": "5f9fcfe6d8a62200fb6356e0",
          "mda": {
            "shortcode": "FMFBNP",
            "__typename": "Mdaas"
          },
          "data_source": "NBS",
          "__typename": "Output"
        }
      ],
      "jobs": [],
      "gender": [],
      "__typename": "Outcome"
    },
    {
      "id": "607354de03fc15344ec148cd",
      "ref": 0,
      "driver": "Mobilise Domestic Revenues and Eliminate Revenue Leakages",
      "type": "quan",
      "baseline": "0",
      "actual": "0",
      "target": "[{\"year\":2020,\"target\":0},{\"year\":2021,\"target\":0},{\"year\":2022,\"target\":0},{\"year\":2023,\"target\":0}]",
      "aggregation": "+",
      .result_type": "number",
      "unit": "$",
      "unit_type": "prefix",
      "currency": "₦",
      "active": 0,
      "mdaId": "5f9fcfe6d8a62200fb6356d3",
      "mda": {
        "shortcode": "FMFBNP",
        "__typename": "Mdaas"
      },
      "data_source": "NBS",
      "outcomes": [{
          "id": "6073579103fc15344ec148ce",
          "title": "Revenue Savings from the implementation of SRI (US$)",
          "ref": 0,
          "baseline": "0",
          "actual": "0",
          "target": "[{\"year\":2020,\"target\":0},{\"year\":2021,\"target\":0},{\"year\":2022,\"target\":0},{\"year\":2023,\"target\":0}]",
          "aggregation": "+",
          .result_type": "number",
          "currency": "₦",
          "active": 0,
          "type": "quan",
          "unit": "$",
          "unit_type": "prefix",
          "outputs": [{
            "id": "6073630f03fc15344ec148d2",
            "title": "% Implementation of SRI initiatives ",
            "ref": 0,
            "baseline": "0",
            "actual": "0",
            "target": "[{\"year\":2020,\"target\":0},{\"year\":2021,\"target\":0},{\"year\":2022,\"target\":0},{\"year\":2023,\"target\":0}]",
            "aggregation": "+",
            .result_type": "number",
            "currency": "₦",
            "active": 0,
            "type": "quan",
            "mandates": [{
              "id": "60735cab03fc15344ec148cf",
              "initiatives": "29",
              "title": "Increase Public Revenue by implementing the Public Finance Transformation (Strategic Revenue Initiatives) Program",
              "__typename": "Man"
            }],
            "unit": "$",
            "unit_type": "prefix",
            "mdaId": "5f9fcfe6d8a62200fb6356e0",
            "data_source": "NBS",
            "__typename": "Output"
          }],
          "mdaId": "5f9fcfe6d8a62200fb6356e0",
          "mda": {
            "shortcode": "FMFBNP",
            "__typename": "Mdaas"
          },
          "data_source": "NBS",
          "__typename": "Output"
        },
        {
          "id": "6073579103fc15344ec148ce",
          "title": "Revenue Savings from the implementation of Single Window Project (US$)",
          "ref": 0,
          "baseline": "0",
          "actual": "0",
          "target": "[{\"year\":2020,\"target\":0},{\"year\":2021,\"target\":0},{\"year\":2022,\"target\":0},{\"year\":2023,\"target\":0}]",
          "aggregation": "+",
          .result_type": "number",
          "currency": "₦",
          "active": 0,
          "type": "quan",
          "unit": "$",
          "unit_type": "prefix",
          "outputs": [{
            "id": "6073630f03fc15344ec148d2",
            "title": "% Implementation ofSingle Window Project initiatives ",
            "ref": 0,
            "baseline": "0",
            "actual": "0",
            "target": "[{\"year\":2020,\"target\":0},{\"year\":2021,\"target\":0},{\"year\":2022,\"target\":0},{\"year\":2023,\"target\":0}]",
            "aggregation": "+",
            .result_type": "number",
            "currency": "₦",
            "active": 0,
            "type": "quan",
            "mandates": [{
              "id": "60735cab03fc15344ec148cf",
              "initiatives": "5",
              "title": "Prioritise the implementation of the National (Single Window) Project",
              "__typename": "Man"
            }],
            "unit": "$",
            "unit_type": "prefix",
            "mdaId": "5f9fcfe6d8a62200fb6356e0",
            "data_source": "NBS",
            "__typename": "Output"
          }],
          "mdaId": "5f9fcfe6d8a62200fb6356e0",
          "mda": {
            "shortcode": "FMFBNP",
            "__typename": "Mdaas"
          },
          "data_source": "NBS",
          "__typename": "Output"
        },
        {
          "id": "6073579103fc15344ec148ce",
          "title": "Revenue Savings from the implementation of IPPIS (US$)",
          "ref": 0,
          "baseline": "0",
          "actual": "0",
          "target": "[{\"year\":2020,\"target\":0},{\"year\":2021,\"target\":0},{\"year\":2022,\"target\":0},{\"year\":2023,\"target\":0}]",
          "aggregation": "+",
          .result_type": "number",
          "currency": "₦",
          "active": 0,
          "type": "quan",
          "unit": "$",
          "unit_type": "prefix",
          "outputs": [{
            "id": "6073630f03fc15344ec148d2",
            "title": "% implementation of IPPIS across all identified MDAs",
            "ref": 0,
            "baseline": "0",
            "actual": "0",
            "target": "[{\"year\":2020,\"target\":0},{\"year\":2021,\"target\":0},{\"year\":2022,\"target\":0},{\"year\":2023,\"target\":0}]",
            "aggregation": "+",
            .result_type": "number",
            "currency": "₦",
            "active": 0,
            "type": "quan",
            "mandates": [{
              "id": "60735cab03fc15344ec148cf",
              "initiatives": "3",
              "title": "Ensure full implementation of the Integrated Payroll and Personnel Information System (IPPIS) by all MDAs, including the educational and security agencies",
              "__typename": "Man"
            }],
            "unit": "$",
            "unit_type": "prefix",
            "mdaId": "5f9fcfe6d8a62200fb6356e0",
            "data_source": "NBS",
            "__typename": "Output"
          }],
          "mdaId": "5f9fcfe6d8a62200fb6356e0",
          "mda": {
            "shortcode": "FMFBNP",
            "__typename": "Mdaas"
          },
          "data_source": "NBS",
          "__typename": "Output"
        },
        {
          "id": "6073579103fc15344ec148ce",
          "title": "Domestic Revenue savings (Infrastructure Spending) US$",
          "ref": 0,
          "baseline": "0",
          "actual": "0",
          "target": "[{\"year\":2020,\"target\":0},{\"year\":2021,\"target\":0},{\"year\":2022,\"target\":0},{\"year\":2023,\"target\":0}]",
          "aggregation": "+",
          .result_type": "number",
          "currency": "₦",
          "active": 0,
          "type": "quan",
          "unit": "$",
          "unit_type": "prefix",
          "outputs": [{
            "id": "6073630f03fc15344ec148d2",
            "title": "# or Value ($) of Infrastructure projects financed via Private & Third Party Program",
            "ref": 0,
            "baseline": "0",
            "actual": "0",
            "target": "[{\"year\":2020,\"target\":0},{\"year\":2021,\"target\":0},{\"year\":2022,\"target\":0},{\"year\":2023,\"target\":0}]",
            "aggregation": "+",
            .result_type": "number",
            "currency": "₦",
            "active": 0,
            "type": "quan",
            "mandates": [{
              "id": "60735cab03fc15344ec148cf",
              "initiatives": "0",
              "title": "Implement the Infrastructure Financing: Private and Third Party Programme",
              "__typename": "Man"
            }],
            "unit": "$",
            "unit_type": "prefix",
            "mdaId": "5f9fcfe6d8a62200fb6356e0",
            "data_source": "NBS",
            "__typename": "Output"
          }],
          "mdaId": "5f9fcfe6d8a62200fb6356e0",
          "mda": {
            "shortcode": "FMFBNP",
            "__typename": "Mdaas"
          },
          "data_source": "NBS",
          "__typename": "Output"
        },
        {
          "id": "6073579103fc15344ec148ce",
          "title": "Reduction in National Debt Servicing Costs (US$)",
          "ref": 0,
          "baseline": "0",
          "actual": "0",
          "target": "[{\"year\":2020,\"target\":0},{\"year\":2021,\"target\":0},{\"year\":2022,\"target\":0},{\"year\":2023,\"target\":0}]",
          "aggregation": "+",
          .result_type": "number",
          "currency": "₦",
          "active": 0,
          "type": "quan",
          "unit": "$",
          "unit_type": "prefix",
          "outputs": [{
            "id": "6073630f03fc15344ec148d2",
            "title": "Domestic to External Debt Ratio",
            "ref": 0,
            "baseline": "0",
            "actual": "0",
            "target": "[{\"year\":2020,\"target\":0},{\"year\":2021,\"target\":0},{\"year\":2022,\"target\":0},{\"year\":2023,\"target\":0}]",
            "aggregation": "+",
            .result_type": "number",
            "currency": "₦",
            "active": 0,
            "type": "quan",
            "mandates": [{
              "id": "60735cab03fc15344ec148cf",
              "initiatives": "4",
              "title": "Optimise the Debt Management Strategy",
              "__typename": "Man"
            }],
            "unit": "$",
            "unit_type": "prefix",
            "mdaId": "5f9fcfe6d8a62200fb6356e0",
            "data_source": "NBS",
            "__typename": "Output"
          }],
          "mdaId": "5f9fcfe6d8a62200fb6356e0",
          "mda": {
            "shortcode": "FMFBNP",
            "__typename": "Mdaas"
          },
          "data_source": "NBS",
          "__typename": "Output"
        },
        {
          "id": "6073579103fc15344ec148ce",
          "title": "Revenue Savings from the implementation of ICT Master Plan (US$)",
          "ref": 0,
          "baseline": "0",
          "actual": "0",
          "target": "[{\"year\":2020,\"target\":0},{\"year\":2021,\"target\":0},{\"year\":2022,\"target\":0},{\"year\":2023,\"target\":0}]",
          "aggregation": "+",
          .result_type": "number",
          "currency": "₦",
          "active": 0,
          "type": "quan",
          "unit": "$",
          "unit_type": "prefix",
          "outputs": [{
            "id": "6073630f03fc15344ec148d2",
            "title": "% Implementation of the ICT Master Plan for PFM",
            "ref": 0,
            "baseline": "0",
            "actual": "0",
            "target": "[{\"year\":2020,\"target\":0},{\"year\":2021,\"target\":0},{\"year\":2022,\"target\":0},{\"year\":2023,\"target\":0}]",
            "aggregation": "+",
            .result_type": "number",
            "currency": "₦",
            "active": 0,
            "type": "quan",
            "mandates": [{
              "id": "60735cab03fc15344ec148cf",
              "initiatives": "6",
              "title": "Develop and coordinate the implementation of an ICT Master Plan for Public Finance Management",
              "__typename": "Man"
            }],
            "unit": "$",
            "unit_type": "prefix",
            "mdaId": "5f9fcfe6d8a62200fb6356e0",
            "data_source": "NBS",
            "__typename": "Output"
          }],
          "mdaId": "5f9fcfe6d8a62200fb6356e0",
          "mda": {
            "shortcode": "FMFBNP",
            "__typename": "Mdaas"
          },
          "data_source": "NBS",
          "__typename": "Output"
        },
        {
          "id": "6073579103fc15344ec148ce",
          "title": "Revenue Savings from implementation  (US$)",
          "ref": 0,
          "baseline": "0",
          "actual": "0",
          "target": "[{\"year\":2020,\"target\":0},{\"year\":2021,\"target\":0},{\"year\":2022,\"target\":0},{\"year\":2023,\"target\":0}]",
          "aggregation": "+",
          .result_type": "number",
          "currency": "₦",
          "active": 0,
          "type": "quan",
          "unit": "$",
          "unit_type": "prefix",
          "outputs": [{
            "id": "6073630f03fc15344ec148d2",
            "title": "Reduction in PMS subsidies or demand (million litres)",
            "ref": 0,
            "baseline": "0",
            "actual": "0",
            "target": "[{\"year\":2020,\"target\":0},{\"year\":2021,\"target\":0},{\"year\":2022,\"target\":0},{\"year\":2023,\"target\":0}]",
            "aggregation": "+",
            .result_type": "number",
            "currency": "₦",
            "active": 0,
            "type": "quan",
            "mandates": [{
              "id": "60735cab03fc15344ec148cf",
              "initiatives": "0",
              "title": "Eradicate smuggling of PMS across Nigerian borders",
              "__typename": "Man"
            }],
            "unit": "$",
            "unit_type": "prefix",
            "mdaId": "5f9fcfe6d8a62200fb6356e0",
            "data_source": "NBS",
            "__typename": "Output"
          }],
          "mdaId": "5f9fcfe6d8a62200fb6356e0",
          "mda": {
            "shortcode": "FMFBNP",
            "__typename": "Mdaas"
          },
          "data_source": "NBS",
          "__typename": "Output"
        },
        {
          "id": "6073579103fc15344ec148ce",
          "title": "Additional Tax and Royalty Revenue (US$)",
          "ref": 0,
          "baseline": "0",
          "actual": "0",
          "target": "[{\"year\":2020,\"target\":0},{\"year\":2021,\"target\":0},{\"year\":2022,\"target\":0},{\"year\":2023,\"target\":0}]",
          "aggregation": "+",
          .result_type": "number",
          "currency": "₦",
          "active": 0,
          "type": "quan",
          "unit": "$",
          "unit_type": "prefix",
          "outputs": [{
              "id": "6073630f03fc15344ec148d2",
              "title": "Increase in crude oil production capacity ceiling",
              "ref": 0,
              "baseline": "0",
              "actual": "0",
              "target": "[{\"year\":2020,\"target\":0},{\"year\":2021,\"target\":0},{\"year\":2022,\"target\":0},{\"year\":2023,\"target\":0}]",
              "aggregation": "+",
              .result_type": "number",
              "currency": "₦",
              "active": 0,
              "type": "quan",
              "mandates": [{
                "id": "60735cab03fc15344ec148cf",
                "initiatives": "0",
                "title": "Increase crude oil production to 3 million bpd",
                "__typename": "Man"
              }],
              "unit": "$",
              "unit_type": "prefix",
              "mdaId": "5f9fcfe6d8a62200fb6356e0",
              "data_source": "NBS",
              "__typename": "Output"
            },
            {
              "id": "6073630f03fc15344ec148d2",
              "title": "Passage of PSC Amendement Bill",
              "ref": 0,
              "baseline": "0",
              "actual": "0",
              "target": "[{\"year\":2020,\"target\":0},{\"year\":2021,\"target\":0},{\"year\":2022,\"target\":0},{\"year\":2023,\"target\":0}]",
              "aggregation": "+",
              .result_type": "number",
              "currency": "₦",
              "active": 0,
              "type": "quan",
              "mandates": [{
                "id": "60735cab03fc15344ec148cf",
                "initiatives": "0",
                "title": "Aggressively promote passage of Deep Offshore and Inland Basin Production Sharing Contracts Amendment",
                "__typename": "Man"
              }],
              "unit": "$",
              "unit_type": "prefix",
              "mdaId": "5f9fcfe6d8a62200fb6356e0",
              "data_source": "NBS",
              "__typename": "Output"
            },
            {
              "id": "6073630f03fc15344ec148d2",
              "title": "% reduction in Cost of Crude Oil extration",
              "ref": 0,
              "baseline": "0",
              "actual": "0",
              "target": "[{\"year\":2020,\"target\":0},{\"year\":2021,\"target\":0},{\"year\":2022,\"target\":0},{\"year\":2023,\"target\":0}]",
              "aggregation": "+",
              .result_type": "number",
              "currency": "₦",
              "active": 0,
              "type": "quan",
              "mandates": [{
                "id": "60735cab03fc15344ec148cf",
                "initiatives": "0",
                "title": "Reduce the cost of crude oil extraction by at least 5%",
                "__typename": "Man"
              }],
              "unit": "$",
              "unit_type": "prefix",
              "mdaId": "5f9fcfe6d8a62200fb6356e0",
              "data_source": "NBS",
              "__typename": "Output"
            },
            {
              "id": "6073630f03fc15344ec148d2",
              "title": "% Implementation or % compliance to Gas Flare Regulations",
              "ref": 0,
              "baseline": "0",
              "actual": "0",
              "target": "[{\"year\":2020,\"target\":0},{\"year\":2021,\"target\":0},{\"year\":2022,\"target\":0},{\"year\":2023,\"target\":0}]",
              "aggregation": "+",
              .result_type": "number",
              "currency": "₦",
              "active": 0,
              "type": "quan",
              "mandates": [{
                "id": "60735cab03fc15344ec148cf",
                "initiatives": "0",
                "title": "Prioritize and Enforce (i) the implementation of the Gas-Flare (Prevention of Waste and Pollution) Regulations 2018 and The Extended Producer Responsibility Framework",
                "__typename": "Man"
              }],
              "unit": "$",
              "unit_type": "prefix",
              "mdaId": "5f9fcfe6d8a62200fb6356e0",
              "data_source": "NBS",
              "__typename": "Output"
            }
          ],
          "mdaId": "5f9fcfe6d8a62200fb6356e0",
          "mda": {
            "shortcode": "FMFBNP",
            "__typename": "Mdaas"
          },
          "data_source": "NBS",
          "__typename": "Output"
        },
        {
          "id": "6073579103fc15344ec148ce",
          "title": "Enablers",
          "ref": 0,
          "baseline": "0",
          "actual": "0",
          "target": "[{\"year\":2020,\"target\":0},{\"year\":2021,\"target\":0},{\"year\":2022,\"target\":0},{\"year\":2023,\"target\":0}]",
          "aggregation": "+",
          .result_type": "number",
          "currency": "₦",
          "active": 0,
          "type": "quan",
          "unit": "$",
          "unit_type": "prefix",
          "outputs": [{
              "id": "6073630f03fc15344ec148d2",
              "title": "% implementation of donor coordination mechanism",
              "ref": 0,
              "baseline": "0",
              "actual": "0",
              "target": "[{\"year\":2020,\"target\":0},{\"year\":2021,\"target\":0},{\"year\":2022,\"target\":0},{\"year\":2023,\"target\":0}]",
              "aggregation": "+",
              .result_type": "number",
              "currency": "₦",
              "active": 0,
              "type": "quan",
              "mandates": [{
                "id": "60735cab03fc15344ec148cf",
                "initiatives": "0",
                "title": "Ensure efficient cordination and quantify the contributions of donor and development agencies  operating in Nigeria on an annual basis",
                "__typename": "Man"
              }],
              "unit": "$",
              "unit_type": "prefix",
              "mdaId": "5f9fcfe6d8a62200fb6356e0",
              "data_source": "NBS",
              "__typename": "Output"
            },
            {
              "id": "6073630f03fc15344ec148d2",
              "title": "% implementation of fiscal policies and reforms",
              "ref": 0,
              "baseline": "0",
              "actual": "0",
              "target": "[{\"year\":2020,\"target\":0},{\"year\":2021,\"target\":0},{\"year\":2022,\"target\":0},{\"year\":2023,\"target\":0}]",
              "aggregation": "+",
              .result_type": "number",
              "currency": "₦",
              "active": 0,
              "type": "quan",
              "mandates": [{
                "id": "60735cab03fc15344ec148cf",
                "initiatives": "0",
                "title": "Develop and implement fiscal policies and reforms",
                "__typename": "Man"
              }],
              "unit": "$",
              "unit_type": "prefix",
              "mdaId": "5f9fcfe6d8a62200fb6356e0",
              "data_source": "NBS",
              "__typename": "Output"
            },
            {
              "id": "6073630f03fc15344ec148d2",
              "title": "% implementation of reconciliation and monitoring mechanism",
              "ref": 0,
              "baseline": "0",
              "actual": "0",
              "target": "[{\"year\":2020,\"target\":0},{\"year\":2021,\"target\":0},{\"year\":2022,\"target\":0},{\"year\":2023,\"target\":0}]",
              "aggregation": "+",
              .result_type": "number",
              "currency": "₦",
              "active": 0,
              "type": "quan",
              "mandates": [{
                "id": "60735cab03fc15344ec148cf",
                "initiatives": "0",
                "title": "Reconcile and monitor monthly revenues performance",
                "__typename": "Man"
              }],
              "unit": "$",
              "unit_type": "prefix",
              "mdaId": "5f9fcfe6d8a62200fb6356e0",
              "data_source": "NBS",
              "__typename": "Output"
            },
            {
              "id": "6073630f03fc15344ec148d2",
              "title": "% implementation of fiscal risk managmeent mechanism",
              "ref": 0,
              "baseline": "0",
              "actual": "0",
              "target": "[{\"year\":2020,\"target\":0},{\"year\":2021,\"target\":0},{\"year\":2022,\"target\":0},{\"year\":2023,\"target\":0}]",
              "aggregation": "+",
              .result_type": "number",
              "currency": "₦",
              "active": 0,
              "type": "quan",
              "mandates": [{
                "id": "60735cab03fc15344ec148cf",
                "initiatives": "0",
                "title": "Manage Fiscal risks inherent in the Power Sector Recovery Plan (PSRP) through the revenue, policy and Regulatory workstreams",
                "__typename": "Man"
              }],
              "unit": "$",
              "unit_type": "prefix",
              "mdaId": "5f9fcfe6d8a62200fb6356e0",
              "data_source": "NBS",
              "__typename": "Output"
            },
            {
              "id": "6073630f03fc15344ec148d2",
              "title": "% Development of the Fiscal Framework for Gas-based industries",
              "ref": 0,
              "baseline": "0",
              "actual": "0",
              "target": "[{\"year\":2020,\"target\":0},{\"year\":2021,\"target\":0},{\"year\":2022,\"target\":0},{\"year\":2023,\"target\":0}]",
              "aggregation": "+",
              .result_type": "number",
              "currency": "₦",
              "active": 0,
              "type": "quan",
              "mandates": [{
                "id": "60735cab03fc15344ec148cf",
                "initiatives": "0",
                "title": "Develop a financing fiscal framework for gas based industries",
                "__typename": "Man"
              }],
              "unit": "$",
              "unit_type": "prefix",
              "mdaId": "5f9fcfe6d8a62200fb6356e0",
              "data_source": "NBS",
              "__typename": "Output"
            },
            {
              "id": "6073630f03fc15344ec148d2",
              "title": "% implementation of Fiscal Risk Strategy",
              "ref": 0,
              "baseline": "0",
              "actual": "0",
              "target": "[{\"year\":2020,\"target\":0},{\"year\":2021,\"target\":0},{\"year\":2022,\"target\":0},{\"year\":2023,\"target\":0}]",
              "aggregation": "+",
              .result_type": "number",
              "currency": "₦",
              "active": 0,
              "type": "quan",
              "mandates": [{
                "id": "60735cab03fc15344ec148cf",
                "initiatives": "0",
                "title": "Implementation of fiscal risk strategy",
                "__typename": "Man"
              }],
              "unit": "$",
              "unit_type": "prefix",
              "mdaId": "5f9fcfe6d8a62200fb6356e0",
              "data_source": "NBS",
              "__typename": "Output"
            },
            {
              "id": "6073630f03fc15344ec148d2",
              "title": "% Deployment of GIFMIS across all MDAs",
              "ref": 0,
              "baseline": "0",
              "actual": "0",
              "target": "[{\"year\":2020,\"target\":0},{\"year\":2021,\"target\":0},{\"year\":2022,\"target\":0},{\"year\":2023,\"target\":0}]",
              "aggregation": "+",
              .result_type": "number",
              "currency": "₦",
              "active": 0,
              "type": "quan",
              "mandates": [{
                "id": "60735cab03fc15344ec148cf",
                "initiatives": "0",
                "title": "Full deployment of GIFMIS to all MDAs and extension to other arms of Government",
                "__typename": "Man"
              }],
              "unit": "$",
              "unit_type": "prefix",
              "mdaId": "5f9fcfe6d8a62200fb6356e0",
              "data_source": "NBS",
              "__typename": "Output"
            },
            {
              "id": "6073630f03fc15344ec148d2",
              "title": "% Integration of extra-budgetary funds into GIFMIS",
              "ref": 0,
              "baseline": "0",
              "actual": "0",
              "target": "[{\"year\":2020,\"target\":0},{\"year\":2021,\"target\":0},{\"year\":2022,\"target\":0},{\"year\":2023,\"target\":0}]",
              "aggregation": "+",
              .result_type": "number",
              "currency": "₦",
              "active": 0,
              "type": "quan",
              "mandates": [{
                "id": "60735cab03fc15344ec148cf",
                "initiatives": "0",
                "title": "Integration of extra-budgetary funds into GIFMIS",
                "__typename": "Man"
              }],
              "unit": "$",
              "unit_type": "prefix",
              "mdaId": "5f9fcfe6d8a62200fb6356e0",
              "data_source": "NBS",
              "__typename": "Output"
            },
            {
              "id": "6073630f03fc15344ec148d2",
              "title": "% Deployment of Fiscal Transparaency Portal/% Portal Uptime",
              "ref": 0,
              "baseline": "0",
              "actual": "0",
              "target": "[{\"year\":2020,\"target\":0},{\"year\":2021,\"target\":0},{\"year\":2022,\"target\":0},{\"year\":2023,\"target\":0}]",
              "aggregation": "+",
              .result_type": "number",
              "currency": "₦",
              "active": 0,
              "type": "quan",
              "mandates": [{
                "id": "60735cab03fc15344ec148cf",
                "initiatives": "0",
                "title": "Deployment of Fiscal Transparency Portal",
                "__typename": "Man"
              }],
              "unit": "$",
              "unit_type": "prefix",
              "mdaId": "5f9fcfe6d8a62200fb6356e0",
              "data_source": "NBS",
              "__typename": "Output"
            },
            {
              "id": "6073630f03fc15344ec148d2",
              "title": "% Implementation of Electronic Data Collection System",
              "ref": 0,
              "baseline": "0",
              "actual": "0",
              "target": "[{\"year\":2020,\"target\":0},{\"year\":2021,\"target\":0},{\"year\":2022,\"target\":0},{\"year\":2023,\"target\":0}]",
              "aggregation": "+",
              .result_type": "number",
              "currency": "₦",
              "active": 0,
              "type": "quan",
              "mandates": [{
                "id": "60735cab03fc15344ec148cf",
                "initiatives": "0",
                "title": "Full implementation of Electronic Data Collection System",
                "__typename": "Man"
              }],
              "unit": "$",
              "unit_type": "prefix",
              "mdaId": "5f9fcfe6d8a62200fb6356e0",
              "data_source": "NBS",
              "__typename": "Output"
            }
          ],
          "mdaId": "5f9fcfe6d8a62200fb6356e0",
          "mda": {
            "shortcode": "FMFBNP",
            "__typename": "Mdaas"
          },
          "data_source": "NBS",
          "__typename": "Output"
        }
      ],
      "jobs": [],
      "gender": [],
      "__typename": "Outcome"
    },
    {
      "id": "607354de03fc15344ec148cd",
      "ref": 0,
      "driver": "Stimulate Economic Output/Inclusive Growth",
      "type": "quan",
      "baseline": "0",
      "actual": "0",
      "target": "[{\"year\":2020,\"target\":0},{\"year\":2021,\"target\":0},{\"year\":2022,\"target\":0},{\"year\":2023,\"target\":0}]",
      "aggregation": "+",
      .result_type": "number",
      "unit": "$",
      "unit_type": "prefix",
      "currency": "₦",
      "active": 0,
      "mdaId": "5f9fcfe6d8a62200fb6356d3",
      "mda": {
        "shortcode": "FMFBNP",
        "__typename": "Mdaas"
      },
      "data_source": "NBS",
      "outcomes": [{
        "id": "6073579103fc15344ec148ce",
        "title": "N/A",
        "ref": 0,
        "baseline": "0",
        "actual": "0",
        "target": "[{\"year\":2020,\"target\":0},{\"year\":2021,\"target\":0},{\"year\":2022,\"target\":0},{\"year\":2023,\"target\":0}]",
        "aggregation": "+",
        .result_type": "number",
        "currency": "₦",
        "active": 0,
        "type": "quan",
        "unit": "$",
        "unit_type": "prefix",
        "outputs": [{
          "id": "6073630f03fc15344ec148d2",
          "title": "% Implementation of EGAP",
          "ref": 0,
          "baseline": "0",
          "actual": "0",
          "target": "[{\"year\":2020,\"target\":0},{\"year\":2021,\"target\":0},{\"year\":2022,\"target\":0},{\"year\":2023,\"target\":0}]",
          "aggregation": "+",
          .result_type": "number",
          "currency": "₦",
          "active": 0,
          "type": "quan",
          "mandates": [{
            "id": "60735cab03fc15344ec148cf",
            "initiatives": "0",
            "title": "Prepare a Long Term Vision 2050 Plan and a Medium-term Economic Growth Acceleration Plan 2021-2025",
            "__typename": "Man"
          }],
          "unit": "$",
          "unit_type": "prefix",
          "mdaId": "5f9fcfe6d8a62200fb6356e0",
          "data_source": "NBS",
          "__typename": "Output"
        }],
        "mdaId": "5f9fcfe6d8a62200fb6356e0",
        "mda": {
          "shortcode": "FMFBNP",
          "__typename": "Mdaas"
        },
        "data_source": "NBS",
        "__typename": "Output"
      }],
      "jobs": [],
      "gender": [],
      "__typename": "Outcome"
    },
    {
      "id": "607354de03fc15344ec148cd",
      "ref": 0,
      "driver": "Unassigned Priority Projects",
      "type": "quan",
      "baseline": "0",
      "actual": "0",
      "target": "[{\"year\":2020,\"target\":0},{\"year\":2021,\"target\":0},{\"year\":2022,\"target\":0},{\"year\":2023,\"target\":0}]",
      "aggregation": "+",
      .result_type": "number",
      "unit": "$",
      "unit_type": "prefix",
      "currency": "₦",
      "active": 0,
      "mdaId": "5f9fcfe6d8a62200fb6356d3",
      "mda": {
        "shortcode": "FMFBNP",
        "__typename": "Mdaas"
      },
      "data_source": "NBS",
      "outcomes": [{
        "id": "6073579103fc15344ec148ce",
        "title": "Cross Cutting Inidicators",
        "ref": 0,
        "baseline": "0",
        "actual": "0",
        "target": "[{\"year\":2020,\"target\":0},{\"year\":2021,\"target\":0},{\"year\":2022,\"target\":0},{\"year\":2023,\"target\":0}]",
        "aggregation": "+",
        .result_type": "number",
        "currency": "₦",
        "active": 0,
        "type": "quan",
        "unit": "$",
        "unit_type": "prefix",
        "outputs": [{
            "id": "6073630f03fc15344ec148d2",
            "title": "Presentation on annual budgets on or before end of September each year",
            "ref": 0,
            "baseline": "0",
            "actual": "0",
            "target": "[{\"year\":2020,\"target\":0},{\"year\":2021,\"target\":0},{\"year\":2022,\"target\":0},{\"year\":2023,\"target\":0}]",
            "aggregation": "+",
            .result_type": "number",
            "currency": "₦",
            "active": 0,
            "type": "quan",
            "mandates": [{
              "id": "60735cab03fc15344ec148cf",
              "initiatives": "0",
              "title": "Ensure the Presentaion of annual budgets to the National Assembly by September of every year which comply with the Fiscal Responsibility Act",
              "__typename": "Man"
            }],
            "unit": "$",
            "unit_type": "prefix",
            "mdaId": "5f9fcfe6d8a62200fb6356e0",
            "data_source": "NBS",
            "__typename": "Output"
          },
          {
            "id": "6073630f03fc15344ec148d2",
            "title": "% Completion review and analysis of  2019 budget",
            "ref": 0,
            "baseline": "0",
            "actual": "0",
            "target": "[{\"year\":2020,\"target\":0},{\"year\":2021,\"target\":0},{\"year\":2022,\"target\":0},{\"year\":2023,\"target\":0}]",
            "aggregation": "+",
            .result_type": "number",
            "currency": "₦",
            "active": 0,
            "type": "quan",
            "mandates": [{
              "id": "60735cab03fc15344ec148cf",
              "initiatives": "0",
              "title": "Review the 2019 Budget and advise on the nessecity or otherwiseof a supplementary budget",
              "__typename": "Man"
            }],
            "unit": "$",
            "unit_type": "prefix",
            "mdaId": "5f9fcfe6d8a62200fb6356e0",
            "data_source": "NBS",
            "__typename": "Output"
          },
          {
            "id": "6073630f03fc15344ec148d2",
            "title": "% Implementation of M&E instituitionalisation ",
            "ref": 0,
            "baseline": "0",
            "actual": "0",
            "target": "[{\"year\":2020,\"target\":0},{\"year\":2021,\"target\":0},{\"year\":2022,\"target\":0},{\"year\":2023,\"target\":0}]",
            "aggregation": "+",
            .result_type": "number",
            "currency": "₦",
            "active": 0,
            "type": "quan",
            "mandates": [{
              "id": "60735cab03fc15344ec148cf",
              "initiatives": "0",
              "title": "Institutionalise monitoring and evaluation by finalizing metrics and targets for each Ministerial Key Performance Indicator, moniroting and evaluation of performance",
              "__typename": "Man"
            }],
            "unit": "$",
            "unit_type": "prefix",
            "mdaId": "5f9fcfe6d8a62200fb6356e0",
            "data_source": "NBS",
            "__typename": "Output"
          },
          {
            "id": "6073630f03fc15344ec148d2",
            "title": "% Completion of Manpower Planning",
            "ref": 0,
            "baseline": "0",
            "actual": "0",
            "target": "[{\"year\":2020,\"target\":0},{\"year\":2021,\"target\":0},{\"year\":2022,\"target\":0},{\"year\":2023,\"target\":0}]",
            "aggregation": "+",
            .result_type": "number",
            "currency": "₦",
            "active": 0,
            "type": "quan",
            "mandates": [{
              "id": "60735cab03fc15344ec148cf",
              "initiatives": "0",
              "title": "Coordinate National Manpower Planning",
              "__typename": "Man"
            }],
            "unit": "$",
            "unit_type": "prefix",
            "mdaId": "5f9fcfe6d8a62200fb6356e0",
            "data_source": "NBS",
            "__typename": "Output"
          },
          {
            "id": "6073630f03fc15344ec148d2",
            "title": "Number of well paying jobs created for Nigerian Youth",
            "ref": 0,
            "baseline": "0",
            "actual": "0",
            "target": "[{\"year\":2020,\"target\":0},{\"year\":2021,\"target\":0},{\"year\":2022,\"target\":0},{\"year\":2023,\"target\":0}]",
            "aggregation": "+",
            .result_type": "number",
            "currency": "₦",
            "active": 0,
            "type": "quan",
            "mandates": [{
              "id": "60735cab03fc15344ec148cf",
              "initiatives": "0",
              "title": "Actively collaborate with the Private Sector to create a large number of well-paying jobs for Nigerian Youths",
              "__typename": "Man"
            }],
            "unit": "$",
            "unit_type": "prefix",
            "mdaId": "5f9fcfe6d8a62200fb6356e0",
            "data_source": "NBS",
            "__typename": "Output"
          },
          {
            "id": "6073630f03fc15344ec148d2",
            "title": "Additional number of Nigerians lifted above the poverty line (<US$1/day) in 10 years",
            "ref": 0,
            "baseline": "0",
            "actual": "0",
            "target": "[{\"year\":2020,\"target\":0},{\"year\":2021,\"target\":0},{\"year\":2022,\"target\":0},{\"year\":2023,\"target\":0}]",
            "aggregation": "+",
            .result_type": "number",
            "currency": "₦",
            "active": 0,
            "type": "quan",
            "mandates": [{
              "id": "60735cab03fc15344ec148cf",
              "initiatives": "0",
              "title": "Implement a strategy towards the realization of Mr. President's June 12 promise to take 100million Nigerians out of poverty in the nexct 10 years",
              "__typename": "Man"
            }],
            "unit": "$",
            "unit_type": "prefix",
            "mdaId": "5f9fcfe6d8a62200fb6356e0",
            "data_source": "NBS",
            "__typename": "Output"
          },
          {
            "id": "6073630f03fc15344ec148d2",
            "title": "% implementation of road trust fund",
            "ref": 0,
            "baseline": "0",
            "actual": "0",
            "target": "[{\"year\":2020,\"target\":0},{\"year\":2021,\"target\":0},{\"year\":2022,\"target\":0},{\"year\":2023,\"target\":0}]",
            "aggregation": "+",
            .result_type": "number",
            "currency": "₦",
            "active": 0,
            "type": "quan",
            "mandates": [{
              "id": "60735cab03fc15344ec148cf",
              "initiatives": "0",
              "title": "Manage and implement road trust fund executive order (Road Infrastructure8 Tax Credit scheme)",
              "__typename": "Man"
            }],
            "unit": "$",
            "unit_type": "prefix",
            "mdaId": "5f9fcfe6d8a62200fb6356e0",
            "data_source": "NBS",
            "__typename": "Output"
          },
          {
            "id": "6073630f03fc15344ec148d2",
            "title": "% implementation of capacity building initiatives",
            "ref": 0,
            "baseline": "0",
            "actual": "0",
            "target": "[{\"year\":2020,\"target\":0},{\"year\":2021,\"target\":0},{\"year\":2022,\"target\":0},{\"year\":2023,\"target\":0}]",
            "aggregation": "+",
            .result_type": "number",
            "currency": "₦",
            "active": 0,
            "type": "quan",
            "mandates": [{
              "id": "60735cab03fc15344ec148cf",
              "initiatives": "0",
              "title": "Improve capacity building across key performance levers, including bank supervision, premium management, failure resolution and infrastructure",
              "__typename": "Man"
            }],
            "unit": "$",
            "unit_type": "prefix",
            "mdaId": "5f9fcfe6d8a62200fb6356e0",
            "data_source": "NBS",
            "__typename": "Output"
          },
          {
            "id": "6073630f03fc15344ec148d2",
            "title": "% completion of selected surveys and census",
            "ref": 0,
            "baseline": "0",
            "actual": "0",
            "target": "[{\"year\":2020,\"target\":0},{\"year\":2021,\"target\":0},{\"year\":2022,\"target\":0},{\"year\":2023,\"target\":0}]",
            "aggregation": "+",
            .result_type": "number",
            "currency": "₦",
            "active": 0,
            "type": "quan",
            "mandates": [{
              "id": "60735cab03fc15344ec148cf",
              "initiatives": "0",
              "title": "Delivery of Survey and Census: National Census of Commerce & Industrial Businesses (NCCIB), National Agricultural Sample Census (NASC), National Living Standards Survey (NLSS)",
              "__typename": "Man"
            }],
            "unit": "$",
            "unit_type": "prefix",
            "mdaId": "5f9fcfe6d8a62200fb6356e0",
            "data_source": "NBS",
            "__typename": "Output"
          }
        ],
        "mdaId": "5f9fcfe6d8a62200fb6356e0",
        "mda": {
          "shortcode": "FMFBNP",
          "__typename": "Mdaas"
        },
        "data_source": "NBS",
        "__typename": "Output"
      }],
      "jobs": [],
      "gender": [],
      "__typename": "Outcome"
    }
  ],
  "__typename": "Priorities"
}
